trainer_id,name,facility_class,fixed_iv,monset_size,set_ids
0,BRADY,YOUNGSTER,3,62,0|1|2|3|4|5|6|7|10|13|14|15|16|17|18|19|20|21|22|23|24|25|26|27|28|29|30|31|32|33|34|35|36|37|38|39|40|41|42|43|44|45|46|47|48|49|50|51|52|53|54|55|56|57|58|59|60|61|62|63|64|65
1,CONNER,YOUNGSTER,3,62,0|1|2|3|4|5|6|7|10|13|14|15|16|17|18|19|20|21|22|23|24|25|26|27|28|29|30|31|32|33|34|35|36|37|38|39|40|41|42|43|44|45|46|47|48|49|50|51|52|53|54|55|56|57|58|59|60|61|62|63|64|65
2,BRADLEY,YOUNGSTER,3,62,0|1|2|3|4|5|6|7|10|13|14|15|16|17|18|19|20|21|22|23|24|25|26|27|28|29|30|31|32|33|34|35|36|37|38|39|40|41|42|43|44|45|46|47|48|49|50|51|52|53|54|55|56|57|58|59|60|61|62|63|64|65
3,CYBIL,LASS,3,62,0|1|2|3|4|5|6|7|10|13|14|15|16|17|18|19|20|21|22|23|24|25|26|27|28|29|30|31|32|33|34|35|36|37|38|39|40|41|42|43|44|45|46|47|48|49|50|51|52|53|54|55|56|57|58|59|60|61|62|63|64|65
4,RODETTE,LASS,3,62,0|1|2|3|4|5|6|7|10|13|14|15|16|17|18|19|20|21|22|23|24|25|26|27|28|29|30|31|32|33|34|35|36|37|38|39|40|41|42|43|44|45|46|47|48|49|50|51|52|53|54|55|56|57|58|59|60|61|62|63|64|65
5,PEGGY,LASS,3,62,0|1|2|3|4|5|6|7|10|13|14|15|16|17|18|19|20|21|22|23|24|25|26|27|28|29|30|31|32|33|34|35|36|37|38|39|40|41|42|43|44|45|46|47|48|49|50|51|52|53|54|55|56|57|58|59|60|61|62|63|64|65
6,KEITH,SCHOOL_KID_M,3,44,66|67|68|69|70|71|72|73|74|75|76|77|78|79|80|81|82|83|84|85|86|87|88|89|90|91|92|93|94|95|96|97|98|99|100|101|102|103|104|105|106|107|108|109
7,GRAYSON,SCHOOL_KID_M,3,44,66|67|68|69|70|71|72|73|74|75|76|77|78|79|80|81|82|83|84|85|86|87|88|89|90|91|92|93|94|95|96|97|98|99|100|101|102|103|104|105|106|107|108|109
8,GLENN,SCHOOL_KID_M,3,44,66|67|68|69|70|71|72|73|74|75|76|77|78|79|80|81|82|83|84|85|86|87|88|89|90|91|92|93|94|95|96|97|98|99|100|101|102|103|104|105|106|107|108|109
9,LILIANA,SCHOOL_KID_F,3,44,66|67|68|69|70|71|72|73|74|75|76|77|78|79|80|81|82|83|84|85|86|87|88|89|90|91|92|93|94|95|96|97|98|99|100|101|102|103|104|105|106|107|108|109
10,ELISE,SCHOOL_KID_F,3,44,66|67|68|69|70|71|72|73|74|75|76|77|78|79|80|81|82|83|84|85|86|87|88|89|90|91|92|93|94|95|96|97|98|99|100|101|102|103|104|105|106|107|108|109
11,ZOEY,SCHOOL_KID_F,3,44,66|67|68|69|70|71|72|73|74|75|76|77|78|79|80|81|82|83|84|85|86|87|88|89|90|91|92|93|94|95|96|97|98|99|100|101|102|103|104|105|106|107|108|109
12,MANUEL,RICH_BOY,3,37,5|20|21|25|27|35|46|47|48|50|53|62|63|69|75|78|79|80|84|90|92|99|100|102|106|110|112|114|119|121|124|127|146|147|154|158|160
13,RUSS,RICH_BOY,3,37,5|20|21|25|27|35|46|47|48|50|53|62|63|69|75|78|79|80|84|90|92|99|100|102|106|110|112|114|119|121|124|127|146|147|154|158|160
14,DUSTIN,RICH_BOY,3,37,5|20|21|25|27|35|46|47|48|50|53|62|63|69|75|78|79|80|84|90|92|99|100|102|106|110|112|114|119|121|124|127|146|147|154|158|160
15,TINA,LADY,3,37,5|20|21|25|27|35|46|47|48|50|53|62|63|69|75|78|79|80|84|90|92|99|100|102|106|110|112|114|119|121|124|127|146|147|154|158|160
16,GILLIAN,LADY,3,37,5|20|21|25|27|35|46|47|48|50|53|62|63|69|75|78|79|80|84|90|92|99|100|102|106|110|112|114|119|121|124|127|146|147|154|158|160
17,ZOE,LADY,3,37,5|20|21|25|27|35|46|47|48|50|53|62|63|69|75|78|79|80|84|90|92|99|100|102|106|110|112|114|119|121|124|127|146|147|154|158|160
18,CHEN,CAMPER,3,51,110|111|112|113|114|115|116|117|118|119|120|121|122|123|124|125|127|128|129|130|131|132|133|134|135|136|137|138|139|140|141|142|143|144|145|146|147|148|149|150|151|152|153|154|155|156|157|158|159|160|161
19,AL,CAMPER,3,51,110|111|112|113|114|115|116|117|118|119|120|121|122|123|124|125|127|128|129|130|131|132|133|134|135|136|137|138|139|140|141|142|143|144|145|146|147|148|149|150|151|152|153|154|155|156|157|158|159|160|161
20,MITCH,CAMPER,3,51,110|111|112|113|114|115|116|117|118|119|120|121|122|123|124|125|127|128|129|130|131|132|133|134|135|136|137|138|139|140|141|142|143|144|145|146|147|148|149|150|151|152|153|154|155|156|157|158|159|160|161
21,ANNE,PICNICKER,3,51,110|111|112|113|114|115|116|117|118|119|120|121|122|123|124|125|127|128|129|130|131|132|133|134|135|136|137|138|139|140|141|142|143|144|145|146|147|148|149|150|151|152|153|154|155|156|157|158|159|160|161
22,ALIZE,PICNICKER,3,51,110|111|112|113|114|115|116|117|118|119|120|121|122|123|124|125|127|128|129|130|131|132|133|134|135|136|137|138|139|140|141|142|143|144|145|146|147|148|149|150|151|152|153|154|155|156|157|158|159|160|161
23,LAUREN,PICNICKER,3,51,110|111|112|113|114|115|116|117|118|119|120|121|122|123|124|125|127|128|129|130|131|132|133|134|135|136|137|138|139|140|141|142|143|144|145|146|147|148|149|150|151|152|153|154|155|156|157|158|159|160|161
24,KIPP,TUBER_M,3,32,5|6|7|14|19|28|35|42|45|48|50|55|59|60|68|73|83|84|86|87|90|96|97|98|99|103|105|106|109|112|114|121
25,JASON,TUBER_M,3,32,5|6|7|14|19|28|35|42|45|48|50|55|59|60|68|73|83|84|86|87|90|96|97|98|99|103|105|106|109|112|114|121
26,JOHN,TUBER_M,3,32,5|6|7|14|19|28|35|42|45|48|50|55|59|60|68|73|83|84|86|87|90|96|97|98|99|103|105|106|109|112|114|121
27,ANN,TUBER_F,3,32,5|6|7|14|19|28|35|42|45|48|50|55|59|60|68|73|83|84|86|87|90|96|97|98|99|103|105|106|109|112|114|121
28,EILEEN,TUBER_F,3,32,5|6|7|14|19|28|35|42|45|48|50|55|59|60|68|73|83|84|86|87|90|96|97|98|99|103|105|106|109|112|114|121
29,CARLIE,TUBER_F,3,32,5|6|7|14|19|28|35|42|45|48|50|55|59|60|68|73|83|84|86|87|90|96|97|98|99|103|105|106|109|112|114|121
30,GORDON,SWIMMER_M,3,50,1|13|15|16|17|22|23|24|26|32|34|36|43|50|51|54|56|68|72|73|81|82|83|86|87|96|97|98|99|103|105|107|109|111|113|116|117|123|124|128|131|134|138|139|142|144|145|151|152|155
31,AYDEN,SWIMMER_M,3,50,1|13|15|16|17|22|23|24|26|32|34|36|43|50|51|54|56|68|72|73|81|82|83|86|87|96|97|98|99|103|105|107|109|111|113|116|117|123|124|128|131|134|138|139|142|144|145|151|152|155
32,MARCO,SWIMMER_M,3,50,1|13|15|16|17|22|23|24|26|32|34|36|43|50|51|54|56|68|72|73|81|82|83|86|87|96|97|98|99|103|105|107|109|111|113|116|117|123|124|128|131|134|138|139|142|144|145|151|152|155
33,CIERRA,SWIMMER_F,3,47,1|13|16|17|23|24|26|32|34|36|43|51|54|56|68|72|73|76|83|84|86|87|96|97|98|99|103|105|107|109|111|113|116|117|118|123|124|128|131|134|138|139|142|144|145|151|155
34,MARCY,SWIMMER_F,3,47,1|13|16|17|23|24|26|32|34|36|43|51|54|56|68|72|73|76|83|84|86|87|96|97|98|99|103|105|107|109|111|113|116|117|118|123|124|128|131|134|138|139|142|144|145|151|155
35,KATHY,SWIMMER_F,3,47,1|13|16|17|23|24|26|32|34|36|43|51|54|56|68|72|73|76|83|84|86|87|96|97|98|99|103|105|107|109|111|113|116|117|118|123|124|128|131|134|138|139|142|144|145|151|155
36,PEYTON,POKEFAN_M,3,36,84|85|87|88|89|93|94|95|96|97|98|99|100|101|102|103|105|106|107|109|112|113|117|120|121|123|129|134|142|143|145|148|149|151|152|155
37,JULIAN,POKEFAN_M,3,36,84|85|87|88|89|93|94|95|96|97|98|99|100|101|102|103|105|106|107|109|112|113|117|120|121|123|129|134|142|143|145|148|149|151|152|155
38,QUINN,POKEFAN_M,3,36,84|85|87|88|89|93|94|95|96|97|98|99|100|101|102|103|105|106|107|109|112|113|117|120|121|123|129|134|142|143|145|148|149|151|152|155
39,HAYLEE,POKEFAN_F,3,41,1|5|6|10|13|14|16|17|18|19|20|23|24|26|28|29|31|32|33|34|35|36|42|43|44|45|46|47|48|49|54|56|59|61|65|66|67|68|71|72|79
40,AMANDA,POKEFAN_F,3,41,1|5|6|10|13|14|16|17|18|19|20|23|24|26|28|29|31|32|33|34|35|36|42|43|44|45|46|47|48|49|54|56|59|61|65|66|67|68|71|72|79
41,STACY,POKEFAN_F,3,41,1|5|6|10|13|14|16|17|18|19|20|23|24|26|28|29|31|32|33|34|35|36|42|43|44|45|46|47|48|49|54|56|59|61|65|66|67|68|71|72|79
42,RAFAEL,PKMN_BREEDER_M,3,62,0|1|2|3|4|5|6|7|10|13|14|15|16|17|18|19|20|21|22|23|24|25|26|27|28|29|30|31|32|33|34|35|36|37|38|39|40|41|42|43|44|45|46|47|48|49|50|51|52|53|54|55|56|57|58|59|60|61|62|63|64|65
43,OLIVER,PKMN_BREEDER_M,3,44,66|67|68|69|70|71|72|73|74|75|76|77|78|79|80|81|82|83|84|85|86|87|88|89|90|91|92|93|94|95|96|97|98|99|100|101|102|103|104|105|106|107|108|109
44,PAYTON,PKMN_BREEDER_M,3,51,110|111|112|113|114|115|116|117|118|119|120|121|122|123|124|125|127|128|129|130|131|132|133|134|135|136|137|138|139|140|141|142|143|144|145|146|147|148|149|150|151|152|153|154|155|156|157|158|159|160|161
45,PAMELA,PKMN_BREEDER_F,3,62,0|1|2|3|4|5|6|7|10|13|14|15|16|17|18|19|20|21|22|23|24|25|26|27|28|29|30|31|32|33|34|35|36|37|38|39|40|41|42|43|44|45|46|47|48|49|50|51|52|53|54|55|56|57|58|59|60|61|62|63|64|65
46,ELIZA,PKMN_BREEDER_F,3,44,66|67|68|69|70|71|72|73|74|75|76|77|78|79|80|81|82|83|84|85|86|87|88|89|90|91|92|93|94|95|96|97|98|99|100|101|102|103|104|105|106|107|108|109
47,MARISA,PKMN_BREEDER_F,3,51,110|111|112|113|114|115|116|117|118|119|120|121|122|123|124|125|127|128|129|130|131|132|133|134|135|136|137|138|139|140|141|142|143|144|145|146|147|148|149|150|151|152|153|154|155|156|157|158|159|160|161
48,LEWIS,BUG_CATCHER,3,25,2|3|4|8|9|21|27|39|40|41|42|52|57|58|80|112|132|141|153|154|157|158|159|160|161
49,YOSHI,BUG_CATCHER,3,25,2|3|4|11|12|21|27|39|40|41|42|52|57|58|80|112|132|141|153|154|157|158|159|160|161
50,DESTIN,BUG_CATCHER,3,23,2|3|4|21|27|39|40|41|42|52|57|58|80|112|132|141|153|154|157|158|159|160|161
51,KEON,NINJA_BOY,3,48,5|21|25|27|35|39|40|41|42|46|47|48|50|52|53|57|58|62|63|69|75|78|79|80|84|90|92|99|100|102|106|110|112|114|121|124|127|132|141|146|147|153|154|157|158|159|160|161
52,STUART,NINJA_BOY,3,48,5|21|25|27|35|39|40|41|42|46|47|48|50|52|53|57|58|62|63|69|75|78|79|80|84|90|92|99|100|102|106|110|112|114|121|124|127|132|141|146|147|153|154|157|158|159|160|161
53,NESTOR,NINJA_BOY,3,48,5|21|25|27|35|39|40|41|42|46|47|48|50|52|53|57|58|62|63|69|75|78|79|80|84|90|92|99|100|102|106|110|112|114|121|124|127|132|141|146|147|153|154|157|158|159|160|161
54,DERRICK,BUG_MANIAC,3,30,21|27|29|39|40|41|42|52|57|58|61|62|63|69|80|92|102|112|125|129|132|140|141|153|154|157|158|159|160|161
55,BRYSON,BUG_MANIAC,3,30,21|27|29|39|40|41|42|52|57|58|61|62|63|69|80|92|102|112|125|129|132|140|141|153|154|157|158|159|160|161
56,CLAYTON,BUG_MANIAC,3,30,21|27|29|39|40|41|42|52|57|58|61|62|63|69|80|92|102|112|125|129|132|140|141|153|154|157|158|159|160|161
57,TRENTON,FISHERMAN,3,19,6|7|55|60|68|73|83|86|87|105|111|116|123|124|128|134|138|139|151
58,JENSON,FISHERMAN,3,19,6|7|55|60|68|73|83|86|87|105|111|116|123|124|128|134|138|139|151
59,WESLEY,FISHERMAN,3,19,6|7|55|60|68|73|83|86|87|105|111|116|123|124|128|134|138|139|151
60,ANTON,RUIN_MANIAC,3,22,31|39|58|67|70|74|75|78|85|104|108|120|122|133|138|139|140|141|150|151|152|156
61,LAWSON,RUIN_MANIAC,3,22,31|39|58|67|70|74|75|78|85|104|108|120|122|133|138|139|140|141|150|151|152|156
62,SAMMY,RUIN_MANIAC,3,22,31|39|58|67|70|74|75|78|85|104|108|120|122|133|138|139|140|141|150|151|152|156
63,ARNIE,COLLECTOR,3,62,0|1|2|3|4|5|6|7|10|13|14|15|16|17|18|19|20|21|22|23|24|25|26|27|28|29|30|31|32|33|34|35|36|37|38|39|40|41|42|43|44|45|46|47|48|49|50|51|52|53|54|55|56|57|58|59|60|61|62|63|64|65
64,ADRIAN,COLLECTOR,3,44,66|67|68|69|70|71|72|73|74|75|76|77|78|79|80|81|82|83|84|85|86|87|88|89|90|91|92|93|94|95|96|97|98|99|100|101|102|103|104|105|106|107|108|109
65,TRISTAN,COLLECTOR,3,51,110|111|112|113|114|115|116|117|118|119|120|121|122|123|124|125|127|128|129|130|131|132|133|134|135|136|137|138|139|140|141|142|143|144|145|146|147|148|149|150|151|152|153|154|155|156|157|158|159|160|161
66,JULIANA,PARASOL_LADY,3,16,0|14|19|28|42|58|59|67|68|85|118|120|123|155|156|193
67,RYLEE,PARASOL_LADY,3,16,0|14|19|28|42|58|59|67|68|85|118|120|123|155|156|193
68,CHELSEA,PARASOL_LADY,3,16,0|14|19|28|42|58|59|67|68|85|118|120|123|155|156|193
69,DANELA,BEAUTY,3,62,0|1|2|3|4|5|6|7|10|13|14|15|16|17|18|19|20|21|22|23|24|25|26|27|28|29|30|31|32|33|34|35|36|37|38|39|40|41|42|43|44|45|46|47|48|49|50|51|52|53|54|55|56|57|58|59|60|61|62|63|64|65
70,LIZBETH,BEAUTY,3,44,66|67|68|69|70|71|72|73|74|75|76|77|78|79|80|81|82|83|84|85|86|87|88|89|90|91|92|93|94|95|96|97|98|99|100|101|102|103|104|105|106|107|108|109
71,AMELIA,BEAUTY,3,51,110|111|112|113|114|115|116|117|118|119|120|121|122|123|124|125|127|128|129|130|131|132|133|134|135|136|137|138|139|140|141|142|143|144|145|146|147|148|149|150|151|152|153|154|155|156|157|158|159|160|161
72,JILLIAN,AROMA_LADY,3,29,0|5|18|19|29|35|48|50|52|61|69|75|78|84|90|94|99|100|101|102|106|112|114|121|125|129|130|131|140
73,ABBIE,AROMA_LADY,3,29,0|5|18|19|29|35|48|50|52|61|69|75|78|84|90|94|99|100|101|102|106|112|114|121|125|129|130|131|140
74,BRIANA,AROMA_LADY,3,29,0|5|18|19|29|35|48|50|52|61|69|75|78|84|90|94|99|100|101|102|106|112|114|121|125|129|130|131|140
75,ANTONIO,GUITARIST,3,31,5|10|20|35|48|49|50|62|63|64|66|71|75|77|78|84|90|92|99|106|108|112|114|115|116|119|121|122|143|148|152
76,JADEN,GUITARIST,3,31,5|10|20|35|48|49|50|62|63|64|66|71|75|77|78|84|90|92|99|106|108|112|114|115|116|119|121|122|143|148|152
77,DAKOTA,GUITARIST,3,31,5|10|20|35|48|49|50|62|63|64|66|71|75|77|78|84|90|92|99|106|108|112|114|115|116|119|121|122|143|148|152
78,BRAYDEN,BIRD_KEEPER,3,34,1|13|16|17|23|24|25|26|32|33|34|36|37|38|43|44|45|51|54|56|72|91|93|95|106|107|113|117|118|135|137|142|144|145
79,CORSON,BIRD_KEEPER,3,34,1|13|16|17|23|24|25|26|32|33|34|36|37|38|43|44|45|51|54|56|72|91|93|95|106|107|113|117|118|135|137|142|144|145
80,TREVIN,BIRD_KEEPER,3,34,1|13|16|17|23|24|25|26|32|33|34|36|37|38|43|44|45|51|54|56|72|91|93|95|106|107|113|117|118|135|137|142|144|145
81,PATRICK,SAILOR,3,32,15|22|50|67|70|71|74|77|81|82|83|86|87|96|97|98|99|103|104|109|111|120|124|128|131|133|134|138|139|151|155|156
82,KADEN,SAILOR,3,32,15|22|50|67|70|71|74|77|81|82|83|86|87|96|97|98|99|103|104|109|111|120|124|128|131|133|134|138|139|151|155|156
83,MAXWELL,SAILOR,3,32,15|22|50|67|70|71|74|77|81|82|83|86|87|96|97|98|99|103|104|109|111|120|124|128|131|133|134|138|139|151|155|156
84,DARYL,HIKER,3,27,15|22|31|39|50|51|58|67|70|74|75|81|82|85|104|120|122|132|133|138|139|140|141|142|144|150|156
85,KENNETH,HIKER,3,27,15|22|31|39|50|51|58|67|70|74|75|81|82|85|104|120|122|132|133|138|139|140|141|142|144|150|156
86,RICH,HIKER,3,27,15|22|31|39|50|51|58|67|70|74|75|81|82|85|104|120|122|132|133|138|139|140|141|142|144|150|156
87,CADEN,KINDLER,3,21,30|62|63|65|70|74|77|78|85|88|89|95|108|119|122|133|136|149|150|152|156
88,MARLON,KINDLER,3,21,30|62|63|65|70|74|77|78|85|88|89|95|108|119|122|133|136|149|150|152|156
89,NASH,KINDLER,3,21,30|62|63|65|70|74|77|78|85|88|89|95|108|119|122|133|136|149|150|152|156
90,ROBBY,RUNNING_TRIATHLETE_M,3,44,1|13|15|16|17|22|23|24|26|32|33|34|36|37|38|43|44|50|51|54|56|67|70|72|74|75|81|82|85|91|93|104|107|113|117|120|132|133|135|137|142|144|145|156
91,REECE,RUNNING_TRIATHLETE_M,3,44,1|13|15|16|17|22|23|24|26|32|33|34|36|37|38|43|44|50|51|54|56|67|70|72|74|75|81|82|85|91|93|104|107|113|117|120|132|133|135|137|142|144|145|156
92,KATHRYN,RUNNING_TRIATHLETE_F,3,44,1|13|15|16|17|22|23|24|26|32|33|34|36|37|38|43|44|50|51|54|56|67|70|72|74|75|81|82|85|91|93|104|107|113|117|120|132|133|135|137|142|144|145|156
93,ELLEN,RUNNING_TRIATHLETE_F,3,44,1|13|15|16|17|22|23|24|26|32|33|34|36|37|38|43|44|50|51|54|56|67|70|72|74|75|81|82|85|91|93|104|107|113|117|120|132|133|135|137|142|144|145|156
94,RAMON,SWIMMING_TRIATHLETE_M,3,32,15|22|50|71|72|76|77|81|82|83|84|87|96|97|98|99|103|107|109|111|113|117|118|131|134|138|139|142|144|145|151|155
95,ARTHUR,SWIMMING_TRIATHLETE_M,3,32,15|22|50|71|72|76|77|81|82|83|84|87|96|97|98|99|103|107|109|111|113|117|118|131|134|138|139|142|144|145|151|155
96,ALONDRA,SWIMMING_TRIATHLETE_F,3,32,15|22|50|71|72|76|77|81|82|83|84|87|96|97|98|99|103|107|109|111|113|117|118|131|134|138|139|142|144|145|151|155
97,ADRIANA,SWIMMING_TRIATHLETE_F,3,32,15|22|50|71|72|76|77|81|82|83|84|87|96|97|98|99|103|107|109|111|113|117|118|131|134|138|139|142|144|145|151|155
98,MALIK,CYCLING_TRIATHLETE_M,3,29,10|15|22|49|50|64|66|71|72|77|78|81|82|91|93|107|108|113|115|117|122|135|137|142|143|144|145|148|152
99,JILL,CYCLING_TRIATHLETE_F,3,29,10|15|22|49|50|64|66|71|72|77|78|81|82|91|93|107|108|113|115|117|122|135|137|142|143|144|145|148|152
100,ERIK,RUNNING_TRIATHLETE_M,6,34,162|164|168|178|183|184|189|197|199|200|203|204|207|210|213|214|218|220|221|224|227|231|232|233|234|235|236|238|240|243|245|246|250|263
101,YAZMIN,RUNNING_TRIATHLETE_F,6,34,162|164|168|178|183|184|189|197|199|200|203|204|207|210|213|214|218|220|221|224|227|231|232|233|234|235|236|238|240|243|245|246|250|263
102,JAMAL,SWIMMING_TRIATHLETE_M,6,31,170|176|178|182|189|190|192|196|211|212|213|219|228|230|232|233|234|236|242|245|249|253|256|257|258|259|260|261|262|265|266
103,LESLIE,SWIMMING_TRIATHLETE_F,6,31,170|176|178|182|189|190|192|196|211|212|213|219|228|230|232|233|234|236|242|245|249|253|256|257|258|259|260|261|262|265|266
104,DAVE,CYCLING_TRIATHLETE_M,6,31,162|164|168|178|183|186|187|189|197|199|200|203|204|206|207|214|215|218|220|221|224|227|232|233|234|235|236|240|244|246|250
105,CARLO,CYCLING_TRIATHLETE_M,6,31,162|164|168|178|183|186|187|189|197|199|200|203|204|206|207|214|215|218|220|221|224|227|232|233|234|235|236|240|244|246|250
106,EMILIA,CYCLING_TRIATHLETE_F,6,31,162|164|168|178|183|186|187|189|197|199|200|203|204|206|207|214|215|218|220|221|224|227|232|233|234|235|236|240|244|246|250
107,DALIA,CYCLING_TRIATHLETE_F,6,31,162|164|168|178|183|186|187|189|197|199|200|203|204|206|207|214|215|218|220|221|224|227|232|233|234|235|236|240|244|246|250
108,HITOMI,BLACK_BELT,6,40,164|166|175|178|181|189|191|193|194|195|197|199|200|202|203|205|206|207|210|215|218|220|221|222|223|225|227|230|232|233|234|235|236|240|241|246|247|252|254|262
109,RICARDO,BLACK_BELT,6,40,164|166|175|178|181|189|191|193|194|195|197|199|200|202|203|205|206|207|210|215|218|220|221|222|223|225|227|230|232|233|234|235|236|240|241|246|247|252|254|262
110,SHIZUKA,BLACK_BELT,6,40,164|166|175|178|181|189|191|193|194|195|197|199|200|202|203|205|206|207|210|215|218|220|221|222|223|225|227|230|232|233|234|235|236|240|241|246|247|252|254|262
111,JOANA,BATTLE_GIRL,6,40,164|166|175|178|181|189|191|193|194|195|197|199|200|202|203|205|206|207|210|215|218|220|221|222|223|225|227|230|232|233|234|235|236|240|241|246|247|252|254|262
112,KELLY,BATTLE_GIRL,6,40,164|166|175|178|181|189|191|193|194|195|197|199|200|202|203|205|206|207|210|215|218|220|221|222|223|225|227|230|232|233|234|235|236|240|241|246|247|252|254|262
113,RAYNA,BATTLE_GIRL,6,40,164|166|175|178|181|189|191|193|194|195|197|199|200|202|203|205|206|207|210|215|218|220|221|222|223|225|227|230|232|233|234|235|236|240|241|246|247|252|254|262
114,EVAN,EXPERT_M,6,38,162|163|164|165|166|167|168|169|170|171|172|173|174|175|176|177|178|179|180|181|182|183|184|185|186|187|188|189|190|191|192|193|194|195|196|197|198|199
115,JORDAN,EXPERT_M,6,37,200|201|202|203|204|205|206|207|208|209|210|211|212|213|214|215|216|217|218|219|220|221|222|223|224|225|226|227|228|229|230|231|232|233|234|235|236
116,JOEL,EXPERT_M,6,30,237|238|239|240|241|242|243|244|245|246|247|248|249|250|251|252|253|254|255|256|257|258|259|260|261|262|263|264|265|266
117,KRISTEN,EXPERT_F,6,38,162|163|164|165|166|167|168|169|170|171|172|173|174|175|176|177|178|179|180|181|182|183|184|185|186|187|188|189|190|191|192|193|194|195|196|197|198|199
118,SELPHY,EXPERT_F,6,37,200|201|202|203|204|205|206|207|208|209|210|211|212|213|214|215|216|217|218|219|220|221|222|223|224|225|226|227|228|229|230|231|232|233|234|235|236
119,CHLOE,EXPERT_F,6,30,237|238|239|240|241|242|243|244|245|246|247|248|249|250|251|252|253|254|255|256|257|258|259|260|261|262|263|264|265|266
120,NORTON,PSYCHIC_M,9,33,267|268|273|274|276|284|289|290|291|292|307|308|311|312|314|317|325|327|328|329|331|332|340|342|347|349|351|352|354|356|359|363|370
121,LUKAS,PSYCHIC_M,9,33,267|268|273|274|276|284|289|290|291|292|307|308|311|312|314|317|325|327|328|329|331|332|340|342|347|349|351|352|354|356|359|363|370
122,ZACH,PSYCHIC_M,9,33,267|268|273|274|276|284|289|290|291|292|307|308|311|312|314|317|325|327|328|329|331|332|340|342|347|349|351|352|354|356|359|363|370
123,KAITLYN,PSYCHIC_F,9,33,267|268|273|274|276|284|289|290|291|292|307|308|311|312|314|317|325|327|328|329|331|332|340|342|347|349|351|352|354|356|359|363|370
124,BREANNA,PSYCHIC_F,9,33,267|268|273|274|276|284|289|290|291|292|307|308|311|312|314|317|325|327|328|329|331|332|340|342|347|349|351|352|354|356|359|363|370
125,KENDRA,PSYCHIC_F,9,33,267|268|273|274|276|284|289|290|291|292|307|308|311|312|314|317|325|327|328|329|331|332|340|342|347|349|351|352|354|356|359|363|370
126,MOLLY,HEX_MANIAC,9,27,268|270|272|274|282|284|289|290|303|307|311|314|317|322|327|328|331|336|340|342|344|347|352|353|354|356|359
127,JAZMIN,HEX_MANIAC,9,27,268|270|272|274|282|284|289|290|303|307|311|314|317|322|327|328|331|336|340|342|344|347|352|353|354|356|359
128,KELSEY,HEX_MANIAC,9,27,268|270|272|274|282|284|289|290|303|307|311|314|317|322|327|328|331|336|340|342|344|347|352|353|354|356|359
129,JALEN,POKEMANIAC,9,31,269|271|275|279|280|281|283|285|286|287|293|294|295|300|302|307|310|311|320|322|326|330|332|335|344|345|346|348|350|353|357
130,GRIFFEN,POKEMANIAC,9,31,269|271|275|279|280|281|283|285|286|287|293|294|295|300|302|307|310|311|320|322|326|330|332|335|344|345|346|348|350|353|357
131,XANDER,POKEMANIAC,9,31,269|271|275|279|280|281|283|285|286|287|293|294|295|300|302|307|310|311|320|322|326|330|332|335|344|345|346|348|350|353|357
132,MARVIN,GENTLEMAN,9,38,267|268|269|270|271|272|273|274|275|276|277|278|279|280|281|282|283|284|285|286|287|288|289|290|291|292|293|294|295|296|297|298|299|300|301|302|303|304
133,BRENNAN,GENTLEMAN,9,37,305|306|307|308|309|310|311|312|313|314|315|316|317|318|319|320|321|322|323|324|325|326|327|328|329|330|331|332|333|334|335|336|337|338|339|340|341
134,BALEY,BUG_MANIAC,9,19,159|160|161|172|173|177|198|226|238|263|264|277|278|282|303|331|343|368|369
135,ZACKARY,RUIN_MANIAC,9,22,271|283|294|295|298|299|300|311|315|320|327|328|330|335|337|338|339|341|346|364|365|366
136,GABRIEL,COLLECTOR,9,30,342|343|344|345|346|347|348|349|350|351|352|353|354|355|356|357|358|359|360|361|362|363|364|365|366|367|368|369|370|371
137,EMILY,PARASOL_LADY,9,12,272|301|309|330|348|349|350|359|360|362|363|365
138,JORDYN,BEAUTY,9,31,267|269|270|272|273|276|279|284|288|302|304|305|308|309|312|316|319|322|323|325|326|329|331|332|336|340|344|345|351|353|355
139,SOFIA,AROMA_LADY,9,18,270|272|274|276|279|282|285|290|293|313|314|321|334|340|348|356|359|360
140,BRADEN,COOLTRAINER_M,12,33,372|373|374|375|376|377|378|379|380|381|382|383|384|385|386|387|388|389|390|391|392|393|394|395|396|397|398|399|400|401|402|403|404
141,KAYDEN,COOLTRAINER_M,12,33,405|406|407|408|409|410|411|412|413|414|415|416|417|418|419|420|421|422|423|424|425|426|427|428|429|430|431|432|433|434|435|436|437
142,COOPER,COOLTRAINER_M,12,30,438|439|440|441|442|443|444|445|446|447|448|449|450|451|452|453|454|455|456|457|458|459|460|461|462|463|464|465|466|467
143,JULIA,COOLTRAINER_F,12,33,372|373|374|375|376|377|378|379|380|381|382|383|384|385|386|387|388|389|390|391|392|393|394|395|396|397|398|399|400|401|402|403|404
144,AMARA,COOLTRAINER_F,12,33,405|406|407|408|409|410|411|412|413|414|415|416|417|418|419|420|421|422|423|424|425|426|427|428|429|430|431|432|433|434|435|436|437
145,LYNN,COOLTRAINER_F,12,30,438|439|440|441|442|443|444|445|446|447|448|449|450|451|452|453|454|455|456|457|458|459|460|461|462|463|464|465|466|467
146,JOVAN,PKMN_RANGER_M,12,33,238|331|343|368|369|375|376|379|382|383|389|394|395|397|398|400|406|408|411|416|417|423|424|425|432|436|438|441|445|453|460|462|467
147,DOMINIC,PKMN_RANGER_M,12,33,238|331|343|368|369|375|376|379|382|383|389|394|395|397|398|400|406|408|411|416|417|423|424|425|432|436|438|441|445|453|460|462|467
148,NIKOLAS,PKMN_RANGER_M,12,33,238|331|343|368|369|375|376|379|382|383|389|394|395|397|398|400|406|408|411|416|417|423|424|425|432|436|438|441|445|453|460|462|467
149,VALERIA,PKMN_RANGER_F,12,33,238|331|343|368|369|375|376|379|382|383|389|394|395|397|398|400|406|408|411|416|417|423|424|425|432|436|438|441|445|453|460|462|467
150,DELANEY,PKMN_RANGER_F,12,33,238|331|343|368|369|375|376|379|382|383|389|394|395|397|398|400|406|408|411|416|417|423|424|425|432|436|438|441|445|453|460|462|467
151,MEGHAN,PKMN_RANGER_F,12,33,238|331|343|368|369|375|376|379|382|383|389|394|395|397|398|400|406|408|411|416|417|423|424|425|432|436|438|441|445|453|460|462|467
152,ROBERTO,DRAGON_TAMER,12,17,386|403|412|413|414|433|435|440|450|453|454|456|459|461|463|464|465
153,DAMIAN,DRAGON_TAMER,12,17,386|403|412|413|414|433|435|440|450|453|454|456|459|461|463|464|465
154,BRODY,DRAGON_TAMER,12,17,386|403|412|413|414|433|435|440|450|453|454|456|459|461|463|464|465
155,GRAHAM,DRAGON_TAMER,12,17,386|403|412|413|414|433|435|440|450|453|454|456|459|461|463|464|465
156,TYLOR,POKEFAN_M,12,22,374|381|382|385|388|389|391|392|394|409|411|412|419|430|432|436|440|456|460|462|463|467
157,JAREN,POKEFAN_F,12,22,374|381|382|385|388|389|391|392|394|409|411|412|419|430|432|436|440|456|460|462|463|467
158,CORDELL,PKMN_BREEDER_M,12,48,420|421|422|423|424|425|426|427|428|429|430|431|432|433|434|435|436|437|438|439|440|441|442|443|444|445|446|447|448|449|450|451|452|453|454|455|456|457|458|459|460|461|462|463|464|465|466|467
159,JAZLYN,PKMN_BREEDER_F,12,48,372|373|374|375|376|377|378|379|380|381|382|383|384|385|386|387|388|389|390|391|392|393|394|395|396|397|398|399|400|401|402|403|404|405|406|407|408|409|410|411|412|413|414|415|416|417|418|419
160,ZACHERY,YOUNGSTER,15,33,468|469|470|471|472|473|474|475|476|477|478|479|480|481|482|483|484|485|486|487|488|489|490|491|492|493|494|495|496|497|498|499|500
161,JOHAN,YOUNGSTER,15,32,469|470|471|472|473|474|475|476|477|478|479|480|481|482|483|484|485|486|487|488|489|490|491|492|493|494|495|496|497|498|499|500
162,SHEA,LASS,15,33,468|469|470|471|472|473|474|475|476|477|478|479|480|481|482|483|484|485|486|487|488|489|490|491|492|493|494|495|496|497|498|499|500
163,KAILA,LASS,15,33,468|469|470|471|472|473|474|475|476|477|478|479|480|481|482|483|484|485|486|487|488|489|490|491|492|493|494|495|496|497|498|499|500
164,ISIAH,SCHOOL_KID_M,15,33,501|502|503|504|505|506|507|508|509|510|511|512|513|514|515|516|517|518|519|520|521|522|523|524|525|526|527|528|529|530|531|532|533
165,GARRETT,SCHOOL_KID_M,15,33,501|502|503|504|505|506|507|508|509|510|511|512|513|514|515|516|517|518|519|520|521|522|523|524|525|526|527|528|529|530|531|532|533
166,HAYLIE,SCHOOL_KID_F,15,33,501|502|503|504|505|506|507|508|509|510|511|512|513|514|515|516|517|518|519|520|521|522|523|524|525|526|527|528|529|530|531|532|533
167,MEGAN,SCHOOL_KID_F,15,33,501|502|503|504|505|506|507|508|509|510|511|512|513|514|515|516|517|518|519|520|521|522|523|524|525|526|527|528|529|530|531|532|533
168,ISSAC,RICH_BOY,15,30,534|535|536|537|538|539|540|541|542|543|544|545|546|547|548|549|550|551|552|553|554|555|556|557|558|559|560|561|562|563
169,QUINTON,RICH_BOY,15,30,534|535|536|537|538|539|540|541|542|543|544|545|546|547|548|549|550|551|552|553|554|555|556|557|558|559|560|561|562|563
170,SALMA,LADY,15,30,534|535|536|537|538|539|540|541|542|543|544|545|546|547|548|549|550|551|552|553|554|555|556|557|558|559|560|561|562|563
171,ANSLEY,LADY,15,30,534|535|536|537|538|539|540|541|542|543|544|545|546|547|548|549|550|551|552|553|554|555|556|557|558|559|560|561|562|563
172,HOLDEN,BUG_CATCHER,15,23,343|368|369|383|417|423|424|432|480|481|490|491|494|496|512|513|519|520|528|534|537|541|549
173,LUCA,BUG_CATCHER,15,23,343|368|369|383|417|423|424|432|480|481|490|491|494|496|512|513|519|520|528|534|537|541|549
174,JAMISON,NINJA_BOY,15,32,282|331|343|368|369|469|472|475|476|478|481|484|490|491|497|500|501|509|510|513|516|517|519|520|524|528|530|533|534|537|542|553
175,GUNNAR,NINJA_BOY,15,32,282|331|343|368|369|469|472|475|476|478|481|484|490|491|497|500|501|509|510|513|516|517|519|520|524|528|530|533|534|537|542|553
176,CRAIG,TUBER_M,15,33,471|474|475|479|483|485|488|493|495|496|502|504|505|506|507|514|521|525|530|532|535|538|544|545|548|552|554|555|556|557|558|559|563
177,PIERCE,TUBER_M,15,33,471|474|475|479|483|485|488|493|495|496|502|504|505|506|507|514|521|525|530|532|535|538|544|545|548|552|554|555|556|557|558|559|563
178,REGINA,TUBER_F,15,33,471|474|475|479|483|485|488|493|495|496|502|504|505|506|507|514|521|525|530|532|535|538|544|545|548|552|554|555|556|557|558|559|563
179,ALISON,TUBER_F,15,33,471|474|475|479|483|485|488|493|495|496|502|504|505|506|507|514|521|525|530|532|535|538|544|545|548|552|554|555|556|557|558|559|563
180,HANK,BUG_MANIAC,18,23,277|278|282|303|331|343|368|369|383|417|423|424|432|481|513|519|520|528|575|609|615|616|624
181,EARL,BUG_MANIAC,18,23,277|278|282|303|331|343|368|369|383|417|423|424|432|481|513|519|520|528|575|609|615|616|624
182,RAMIRO,FISHERMAN,18,15,316|333|347|350|354|358|361|362|363|364|573|576|621|626|631
183,HUNTER,FISHERMAN,18,15,316|333|347|350|354|358|361|362|363|364|573|576|621|626|631
184,AIDEN,RUIN_MANIAC,18,22,564|575|576|578|579|580|594|595|605|606|608|609|615|619|620|624|625|627|632|642|650|658
185,XAVIER,RUIN_MANIAC,18,22,564|575|576|578|579|580|594|595|605|606|608|609|615|619|620|624|625|627|632|642|650|658
186,CLINTON,COLLECTOR,18,48,564|565|566|567|568|569|570|571|572|573|574|575|576|577|578|579|580|581|582|583|584|585|586|587|588|589|590|591|592|593|594|595|596|597|598|599|600|601|602|603|604|605|606|607|608|609|610|611
187,JESSE,COLLECTOR,18,48,564|565|566|567|568|569|570|571|572|573|574|575|576|577|578|579|580|581|582|583|584|585|586|587|588|589|590|591|592|593|594|595|596|597|598|599|600|601|602|603|604|605|606|607|608|609|610|611
188,EDUARDO,GUITARIST,18,15,268|307|317|349|352|573|583|585|588|590|599|614|618|635|639
189,HAL,GUITARIST,18,15,268|307|317|349|352|573|583|585|588|590|599|614|618|635|639
190,GAGE,BIRD_KEEPER,18,20,289|318|319|329|355|375|379|385|386|457|473|477|482|484|553|567|571|577|578|649
191,ARNOLD,BIRD_KEEPER,18,20,289|318|319|329|355|375|379|385|386|457|473|477|482|484|553|567|571|577|578|649
192,JARRETT,SAILOR,18,23,565|573|576|580|582|584|592|601|602|610|621|623|626|631|634|640|641|644|648|650|651|653|655
193,GARETT,SAILOR,18,23,565|573|576|580|582|584|592|601|602|610|621|623|626|631|634|640|641|644|648|650|651|653|655
194,EMANUEL,HIKER,18,20,564|565|574|579|582|594|595|605|606|608|609|616|619|620|623|624|625|627|642|643
195,GUSTAVO,HIKER,18,20,564|565|574|579|582|594|595|605|606|608|609|616|619|620|623|624|625|627|642|643
196,KAMERON,KINDLER,18,19,568|581|589|598|600|603|607|611|617|618|622|636|643|646|647|652|654|656|659
197,ALFREDO,KINDLER,18,19,568|581|589|598|600|603|607|611|617|618|622|636|643|646|647|652|654|656|659
198,RUBEN,GENTLEMAN,18,48,612|613|614|615|616|617|618|619|620|621|622|623|624|625|626|627|628|629|630|631|632|633|634|635|636|637|638|639|640|641|642|643|644|645|646|647|648|649|650|651|652|653|654|655|656|657|658|659
199,LAMAR,GENTLEMAN,18,48,612|613|614|615|616|617|618|619|620|621|622|623|624|625|626|627|628|629|630|631|632|633|634|635|636|637|638|639|640|641|642|643|644|645|646|647|648|649|650|651|652|653|654|655|656|657|658|659
200,JAXON,YOUNGSTER,21,33,660|661|662|663|664|665|666|667|668|669|670|671|672|673|674|675|676|677|678|679|680|681|682|683|684|685|686|687|688|689|690|691|692
201,LOGAN,YOUNGSTER,21,33,660|661|662|663|664|665|666|667|668|669|670|671|672|673|674|675|676|677|678|679|680|681|682|683|684|685|686|687|688|689|690|691|692
202,EMILEE,LASS,21,33,660|661|662|663|664|665|666|667|668|669|670|671|672|673|674|675|676|677|678|679|680|681|682|683|684|685|686|687|688|689|690|691|692
203,JOSIE,LASS,21,33,660|661|662|663|664|665|666|667|668|669|670|671|672|673|674|675|676|677|678|679|680|681|682|683|684|685|686|687|688|689|690|691|692
204,ARMANDO,CAMPER,21,33,693|694|695|696|697|698|699|700|701|702|703|704|705|706|707|708|709|710|711|712|713|714|715|716|717|718|719|720|721|722|723|724|725
205,SKYLER,CAMPER,21,33,693|694|695|696|697|698|699|700|701|702|703|704|705|706|707|708|709|710|711|712|713|714|715|716|717|718|719|720|721|722|723|724|725
206,RUTH,PICNICKER,21,33,693|694|695|696|697|698|699|700|701|702|703|704|705|706|707|708|709|710|711|712|713|714|715|716|717|718|719|720|721|722|723|724|725
207,MELODY,PICNICKER,21,33,693|694|695|696|697|698|699|700|701|702|703|704|705|706|707|708|709|710|711|712|713|714|715|716|717|718|719|720|721|722|723|724|725
208,PEDRO,SWIMMER_M,21,35,347|661|664|669|672|676|677|678|680|685|688|694|696|697|698|699|706|713|717|719|722|724|727|730|736|737|740|744|746|747|748|749|750|751|755
209,ERICK,SWIMMER_M,21,35,347|661|664|669|672|676|677|678|680|685|688|694|696|697|698|699|706|713|717|719|722|724|727|730|736|737|740|744|746|747|748|749|750|751|755
210,ELAINE,SWIMMER_F,21,33,664|665|669|672|676|677|680|685|687|688|694|696|697|698|699|706|713|717|722|724|727|730|736|737|740|744|746|747|748|749|750|751|755
211,JOYCE,SWIMMER_F,21,33,664|665|669|672|676|677|680|685|687|688|694|696|697|698|699|706|713|717|722|724|727|730|736|737|740|744|746|747|748|749|750|751|755
212,TODD,POKEFAN_M,21,40,267|273|305|312|325|332|352|662|665|668|669|670|672|673|676|677|679|680|682|688|697|698|699|700|707|710|718|720|724|725|728|730|731|732|734|735|744|748|750|751
213,GAVIN,POKEFAN_M,21,40,267|273|305|312|325|332|352|662|665|668|669|670|672|673|676|677|679|680|682|688|697|698|699|700|707|710|718|720|724|725|728|730|731|732|734|735|744|748|750|751
214,MALORY,POKEFAN_F,21,40,267|273|305|312|325|332|352|662|665|668|669|670|672|673|676|677|679|680|682|688|697|698|699|700|707|710|718|720|724|725|728|730|731|732|734|735|744|748|750|751
215,ESTHER,POKEFAN_F,21,40,267|273|305|312|325|332|352|662|665|668|669|670|672|673|676|677|679|680|682|688|697|698|699|700|707|710|718|720|724|725|728|730|731|732|734|735|744|748|750|751
216,OSCAR,PKMN_BREEDER_M,21,30,726|727|728|729|730|731|732|733|734|735|736|737|738|739|740|741|742|743|744|745|746|747|748|749|750|751|752|753|754|755
217,WILSON,PKMN_BREEDER_M,21,30,726|727|728|729|730|731|732|733|734|735|736|737|738|739|740|741|742|743|744|745|746|747|748|749|750|751|752|753|754|755
218,CLARE,PKMN_BREEDER_F,21,30,726|727|728|729|730|731|732|733|734|735|736|737|738|739|740|741|742|743|744|745|746|747|748|749|750|751|752|753|754|755
219,TESS,PKMN_BREEDER_F,21,30,726|727|728|729|730|731|732|733|734|735|736|737|738|739|740|741|742|743|744|745|746|747|748|749|750|751|752|753|754|755
220,LEON,COOLTRAINER_M,31,96,420|421|422|423|424|425|426|427|428|429|430|431|432|433|434|435|436|437|438|439|440|441|442|443|516|517|518|519|520|521|522|523|524|525|526|527|528|529|530|531|532|533|534|535|536|537|538|539|612|613|614|615|616|617|618|619|620|621|622|623|624|625|626|627|628|629|630|631|632|633|634|635|708|709|710|711|712|713|714|715|716|717|718|719|720|721|722|723|724|725|726|727|728|729|730|731
221,ALONZO,COOLTRAINER_M,31,96,444|445|446|447|448|449|450|451|452|453|454|455|456|457|458|459|460|461|462|463|464|465|466|467|540|541|542|543|544|545|546|547|548|549|550|551|552|553|554|555|556|557|558|559|560|561|562|563|636|637|638|639|640|641|642|643|644|645|646|647|648|649|650|651|652|653|654|655|656|657|658|659|732|733|734|735|736|737|738|739|740|741|742|743|744|745|746|747|748|749|750|751|752|753|754|755
222,VINCE,COOLTRAINER_M,31,100,421|425|431|437|439|456|460|465|466|517|521|527|533|535|552|556|561|562|613|617|623|629|631|648|652|657|658|709|713|719|725|727|744|748|753|754|766|777|788|799|800|801|802|803|804|805|806|807|808|809|810|811|812|813|814|815|816|817|818|819|820|821|822|823|824|825|826|827|828|829|830|831|832|833|834|835|846|847|848|849|850|851|852|853|854|855|856|857|858|859|860|861|862|863|864|865|866|867|868|869
223,BRYON,COOLTRAINER_M,31,82,756|757|758|759|760|761|762|763|764|766|767|768|769|770|771|772|773|774|775|777|778|779|780|781|782|783|784|785|786|788|789|790|791|792|793|794|795|796|797|799|836|837|838|839|840|841|846|847|848|849|850|851|852|853|854|855|856|857|858|859|860|861|862|863|864|865|866|867|868|869|870|871|872|873|874|875|876|877|878|879|880|881
224,AVA,COOLTRAINER_F,31,96,372|373|374|375|376|377|378|379|380|381|382|383|384|385|386|387|388|389|390|391|392|393|394|395|468|469|470|471|472|473|474|475|476|477|478|479|480|481|482|483|484|485|486|487|488|489|490|491|564|565|566|567|568|569|570|571|572|573|574|575|576|577|578|579|580|581|582|583|584|585|586|587|660|661|662|663|664|665|666|667|668|669|670|671|672|673|674|675|676|677|678|679|680|681|682|683
225,MIRIAM,COOLTRAINER_F,31,96,396|397|398|399|400|401|402|403|404|405|406|407|408|409|410|411|412|413|414|415|416|417|418|419|492|493|494|495|496|497|498|499|500|501|502|503|504|505|506|507|508|509|510|511|512|513|514|515|588|589|590|591|592|593|594|595|596|597|598|599|600|601|602|603|604|605|606|607|608|609|610|611|684|685|686|687|688|689|690|691|692|693|694|695|696|697|698|699|700|701|702|703|704|705|706|707
226,CARRIE,COOLTRAINER_F,31,100,421|425|431|437|439|456|460|465|466|517|521|527|533|535|552|556|561|562|613|617|623|629|631|648|652|657|658|709|713|719|725|727|744|748|753|754|765|776|787|798|800|801|802|803|804|805|806|807|808|809|810|811|812|813|814|815|816|817|818|819|820|821|822|823|824|825|826|827|828|829|830|831|832|833|834|835|842|843|844|845|850|851|852|853|854|855|856|857|858|859|860|861|862|863|864|865|866|867|868|869
227,GILLIAN,COOLTRAINER_F,31,82,756|757|758|759|760|761|762|763|764|765|767|768|769|770|771|772|773|774|775|776|778|779|780|781|782|783|784|785|786|787|789|790|791|792|793|794|795|796|797|798|836|837|838|839|840|841|842|843|844|845|850|851|852|853|854|855|856|857|858|859|860|861|862|863|864|865|866|867|868|869|870|871|872|873|874|875|876|877|878|879|880|881
228,TYLER,PKMN_RANGER_M,31,96,660|661|662|663|664|665|666|667|668|669|670|671|672|673|674|675|676|677|678|679|680|681|682|683|684|685|686|687|688|689|690|691|692|693|694|695|696|697|698|699|700|701|702|703|704|705|706|707|708|709|710|711|712|713|714|715|716|717|718|719|720|721|722|723|724|725|726|727|728|729|730|731|732|733|734|735|736|737|738|739|740|741|742|743|744|745|746|747|748|749|750|751|752|753|754|755
229,CHAZ,PKMN_RANGER_M,31,96,564|565|566|567|568|569|570|571|572|573|574|575|576|577|578|579|580|581|582|583|584|585|586|587|588|589|590|591|592|593|594|595|596|597|598|599|600|601|602|603|604|605|606|607|608|609|610|611|612|613|614|615|616|617|618|619|620|621|622|623|624|625|626|627|628|629|630|631|632|633|634|635|636|637|638|639|640|641|642|643|644|645|646|647|648|649|650|651|652|653|654|655|656|657|658|659
230,NELSON,PKMN_RANGER_M,31,82,756|757|758|759|760|761|762|763|764|766|767|768|769|770|771|772|773|774|775|777|778|779|780|781|782|783|784|785|786|788|789|790|791|792|793|794|795|796|797|799|836|837|838|839|840|841|846|847|848|849|850|851|852|853|854|855|856|857|858|859|860|861|862|863|864|865|866|867|868|869|870|871|872|873|874|875|876|877|878|879|880|881
231,SHANIA,PKMN_RANGER_F,31,96,468|469|470|471|472|473|474|475|476|477|478|479|480|481|482|483|484|485|486|487|488|489|490|491|492|493|494|495|496|497|498|499|500|501|502|503|504|505|506|507|508|509|510|511|512|513|514|515|516|517|518|519|520|521|522|523|524|525|526|527|528|529|530|531|532|533|534|535|536|537|538|539|540|541|542|543|544|545|546|547|548|549|550|551|552|553|554|555|556|557|558|559|560|561|562|563
232,STELLA,PKMN_RANGER_F,31,96,372|373|374|375|376|377|378|379|380|381|382|383|384|385|386|387|388|389|390|391|392|393|394|395|396|397|398|399|400|401|402|403|404|405|406|407|408|409|410|411|412|413|414|415|416|417|418|419|420|421|422|423|424|425|426|427|428|429|430|431|432|433|434|435|436|437|438|439|440|441|442|443|444|445|446|447|448|449|450|451|452|453|454|455|456|457|458|459|460|461|462|463|464|465|466|467
233,DORINE,PKMN_RANGER_F,31,82,756|757|758|759|760|761|762|763|764|765|767|768|769|770|771|772|773|774|775|776|778|779|780|781|782|783|784|785|786|787|789|790|791|792|793|794|795|796|797|798|836|837|838|839|840|841|842|843|844|845|850|851|852|853|854|855|856|857|858|859|860|861|862|863|864|865|866|867|868|869|870|871|872|873|874|875|876|877|878|879|880|881
234,MADDOX,DRAGON_TAMER,31,96,403|412|413|414|433|435|440|450|454|456|459|461|463|465|499|508|509|510|529|531|536|546|550|552|555|557|559|561|595|604|605|606|625|627|632|642|646|648|651|653|655|657|691|700|701|702|721|723|728|738|742|744|747|749|751|753|765|766|776|777|787|788|798|799|828|829|830|831|842|843|844|845|846|847|848|849|850|851|852|853|854|855|856|857|858|859|860|861|862|863|864|865|866|867|868|869
235,DAVIN,DRAGON_TAMER,31,96,403|412|413|414|433|435|440|450|454|456|459|461|463|465|499|508|509|510|529|531|536|546|550|552|555|557|559|561|595|604|605|606|625|627|632|642|646|648|651|653|655|657|691|700|701|702|721|723|728|738|742|744|747|749|751|753|765|766|776|777|787|788|798|799|828|829|830|831|842|843|844|845|846|847|848|849|850|851|852|853|854|855|856|857|858|859|860|861|862|863|864|865|866|867|868|869
236,TREVON,DRAGON_TAMER,31,96,403|412|413|414|433|435|440|450|454|456|459|461|463|465|499|508|509|510|529|531|536|546|550|552|555|557|559|561|595|604|605|606|625|627|632|642|646|648|651|653|655|657|691|700|701|702|721|723|728|738|742|744|747|749|751|753|765|766|776|777|787|788|798|799|828|829|830|831|842|843|844|845|846|847|848|849|850|851|852|853|854|855|856|857|858|859|860|861|862|863|864|865|866|867|868|869
237,MATEO,BLACK_BELT,31,56,373|382|390|402|403|416|417|424|431|432|435|450|451|469|480|486|498|499|512|513|520|527|528|531|546|547|565|574|582|594|595|608|609|616|623|624|627|642|643|661|670|678|690|691|704|705|712|719|720|723|738|739|808|809|810|811
238,BRET,BLACK_BELT,31,60,373|382|390|415|419|424|426|430|431|444|451|454|455|464|469|480|486|511|515|520|522|526|527|540|547|550|551|560|565|574|582|607|611|616|618|622|623|636|643|646|647|656|661|670|678|703|707|712|714|718|719|732|739|742|743|752|808|809|810|811
239,RAUL,BLACK_BELT,31,56,373|382|383|386|390|423|424|431|433|450|451|466|469|480|481|482|486|519|520|527|529|546|547|562|565|574|575|578|582|615|616|623|625|642|643|658|661|670|671|674|678|711|712|719|721|738|739|754|808|809|810|811|832|833|834|835
240,KAY,BATTLE_GIRL,31,56,373|382|387|390|402|403|413|414|424|427|431|433|451|469|470|480|486|498|499|509|510|520|523|527|529|547|565|574|579|582|594|595|605|606|616|619|623|625|643|661|670|675|678|690|691|701|702|712|715|719|721|739|808|809|810|811
241,ELENA,BATTLE_GIRL,31,60,373|382|390|415|419|424|426|430|431|444|451|454|455|464|469|480|486|511|515|520|522|526|527|540|547|550|551|560|565|574|582|607|611|616|618|622|623|636|643|646|647|656|661|670|678|703|707|712|714|718|719|732|739|742|743|752|808|809|810|811
242,ALANA,BATTLE_GIRL,31,56,373|382|383|386|390|423|424|431|433|450|451|466|469|480|481|482|486|519|520|527|529|546|547|562|565|574|575|578|582|615|616|623|625|642|643|658|661|670|671|674|678|711|712|719|721|738|739|754|808|809|810|811|832|833|834|835
243,ALEXAS,EXPERT_M,31,100,382|387|403|423|424|425|431|433|435|450|459|461|465|466|470|480|499|519|520|521|527|529|531|546|555|557|561|562|574|579|595|615|616|617|623|625|627|642|651|653|657|658|670|675|691|711|712|713|719|721|723|738|747|749|753|754|762|763|764|773|774|775|784|785|786|795|796|797|804|805|806|807|808|809|810|811|828|829|830|831|832|833|834|835|836|837|838|839|840|841|860|861|862|863|864|865|866|867|868|869
244,WESTON,EXPERT_M,31,100,374|377|404|421|422|426|437|439|446|451|453|457|458|472|475|500|517|518|522|533|535|542|547|549|553|554|566|569|596|613|614|618|629|631|638|643|645|649|650|662|665|692|709|710|714|725|727|734|739|741|745|746|762|763|764|766|773|774|775|777|784|785|786|788|795|796|797|799|800|801|802|803|812|813|814|815|816|817|818|819|836|837|838|839|840|841|846|847|848|849|860|861|862|863|864|865|866|867|868|869
245,JASPER,EXPERT_M,31,100,378|388|400|409|410|411|416|429|432|438|447|452|456|460|462|463|471|476|496|505|506|507|512|525|528|534|543|548|552|556|558|559|570|580|592|601|602|603|608|621|624|630|639|644|648|652|654|655|666|676|688|697|698|699|704|717|720|726|735|740|744|748|750|751|762|763|764|773|774|775|784|785|786|795|796|797|820|821|822|823|824|825|826|827|836|837|838|839|840|841|860|861|862|863|864|865|866|867|868|869
246,NADIA,EXPERT_F,31,100,382|387|403|423|424|425|431|433|435|450|459|461|465|466|470|480|499|519|520|521|527|529|531|546|555|557|561|562|574|579|595|615|616|617|623|625|627|642|651|653|657|658|670|675|691|711|712|713|719|721|723|738|747|749|753|754|762|763|764|773|774|775|784|785|786|795|796|797|804|805|806|807|808|809|810|811|828|829|830|831|832|833|834|835|836|837|838|839|840|841|850|851|852|853|854|855|856|857|858|859
247,MIRANDA,EXPERT_F,31,100,374|377|404|421|422|426|437|439|446|451|453|457|458|472|475|500|517|518|522|533|535|542|547|549|553|554|566|569|596|613|614|618|629|631|638|643|645|649|650|662|665|692|709|710|714|725|727|734|739|741|745|746|762|763|764|765|773|774|775|776|784|785|786|787|795|796|797|798|800|801|802|803|812|813|814|815|816|817|818|819|836|837|838|839|840|841|842|843|844|845|860|861|862|863|864|865|866|867|868|869
248,EMMA,EXPERT_F,31,100,378|388|400|409|410|411|416|429|432|438|447|452|456|460|462|463|471|476|496|505|506|507|512|525|528|534|543|548|552|556|558|559|570|580|592|601|602|603|608|621|624|630|639|644|648|652|654|655|666|676|688|697|698|699|704|717|720|726|735|740|744|748|750|751|762|763|764|773|774|775|784|785|786|795|796|797|820|821|822|823|824|825|826|827|836|837|838|839|840|841|850|851|852|853|854|855|856|857|858|859
249,ROLANDO,PSYCHIC_M,31,92,185|290|377|380|385|401|404|409|410|428|437|438|439|446|466|475|478|484|497|500|505|506|524|533|534|535|542|562|569|572|577|593|596|601|602|620|629|630|631|638|658|665|668|673|689|692|697|698|716|725|726|727|734|754|756|757|758|766|767|768|769|777|778|779|780|788|789|790|791|799|812|813|814|815|816|817|818|819|832|833|834|835|846|847|848|849|870|871|872|873|874|875
250,STANLY,PSYCHIC_M,31,92,185|290|377|380|385|401|404|409|410|428|437|438|439|446|466|475|478|484|497|500|505|506|524|533|534|535|542|562|569|572|577|593|596|601|602|620|629|630|631|638|658|665|668|673|689|692|697|698|716|725|726|727|734|754|759|760|761|766|770|771|772|777|781|782|783|788|792|793|794|799|812|813|814|815|816|817|818|819|832|833|834|835|846|847|848|849|876|877|878|879|880|881
251,DARIO,PSYCHIC_M,31,92,185|290|377|380|385|401|404|409|410|428|437|438|439|446|466|475|478|484|497|500|505|506|524|533|534|535|542|562|569|572|577|593|596|601|602|620|629|630|631|638|658|665|668|673|689|692|697|698|716|725|726|727|734|754|762|763|764|766|773|774|775|777|784|785|786|788|795|796|797|799|812|813|814|815|816|817|818|819|832|833|834|835|836|837|838|839|840|841|846|847|848|849
252,KARLEE,PSYCHIC_F,31,92,185|290|377|380|385|401|404|409|410|428|437|438|439|446|466|475|478|484|497|500|505|506|524|533|534|535|542|562|569|572|577|593|596|601|602|620|629|630|631|638|658|665|668|673|689|692|697|698|716|725|726|727|734|754|756|757|758|765|767|768|769|776|778|779|780|787|789|790|791|798|812|813|814|815|816|817|818|819|832|833|834|835|842|843|844|845|870|871|872|873|874|875
253,JAYLIN,PSYCHIC_F,31,92,185|290|377|380|385|401|404|409|410|428|437|438|439|446|466|475|478|484|497|500|505|506|524|533|534|535|542|562|569|572|577|593|596|601|602|620|629|630|631|638|658|665|668|673|689|692|697|698|716|725|726|727|734|754|759|760|761|765|770|771|772|776|781|782|783|787|792|793|794|798|812|813|814|815|816|817|818|819|832|833|834|835|842|843|844|845|876|877|878|879|880|881
254,INGRID,PSYCHIC_F,31,92,185|290|377|380|385|401|404|409|410|428|437|438|439|446|466|475|478|484|497|500|505|506|524|533|534|535|542|562|569|572|577|593|596|601|602|620|629|630|631|638|658|665|668|673|689|692|697|698|716|725|726|727|734|754|762|763|764|765|773|774|775|776|784|785|786|787|795|796|797|798|812|813|814|815|816|817|818|819|832|833|834|835|836|837|838|839|840|841|842|843|844|845
255,DELILAH,HEX_MANIAC,31,30,347|352|374|378|398|421|426|447|472|476|494|517|522|543|566|570|590|613|618|639|662|666|686|709|714|735|800|801|802|803
256,CARLY,HEX_MANIAC,31,53,344|374|378|394|395|405|413|414|420|421|434|441|457|472|476|490|491|501|509|510|516|517|530|537|553|566|570|586|587|597|605|606|612|613|626|633|649|662|666|682|683|693|701|702|708|709|722|729|745|800|801|802|803
257,LEXIE,HEX_MANIAC,31,59,344|347|352|394|395|398|405|413|414|420|421|426|434|441|447|457|490|491|494|501|509|510|516|517|522|530|537|543|553|586|587|590|597|605|606|612|613|618|626|633|639|649|682|683|686|693|701|702|708|709|714|722|729|735|745|800|801|802|803
258,MILLER,POKEMANIAC,31,87,345|376|386|387|397|399|402|403|406|408|411|413|414|425|427|429|433|435|440|441|445|448|449|450|452|454|456|458|459|460|462|465|466|467|470|474|482|493|495|498|499|502|504|507|509|510|521|523|525|529|531|536|537|541|544|545|546|548|550|552|554|555|556|558|561|562|563|850|851|852|853|854|855|856|857|858|859|860|861|862|863|864|865|866|867|868|869
259,MARV,POKEMANIAC,31,87,345|568|578|579|589|591|594|595|598|600|603|605|606|617|619|621|625|627|632|633|637|640|641|642|644|646|648|650|651|652|654|657|658|659|664|674|675|685|687|690|691|694|696|699|701|702|713|715|717|721|723|728|729|733|736|737|738|740|742|744|746|747|748|750|753|754|755|850|851|852|853|854|855|856|857|858|859|860|861|862|863|864|865|866|867|868|869
260,LAYTON,POKEMANIAC,31,89,345|425|433|435|445|450|454|456|458|459|460|465|466|521|529|531|541|546|550|552|554|555|556|561|562|617|625|627|637|642|646|648|650|651|652|657|658|713|721|723|733|738|742|744|746|747|748|753|754|804|805|806|807|820|821|822|823|824|825|826|827|828|829|830|831|832|833|834|835|850|851|852|853|854|855|856|857|858|859|860|861|862|863|864|865|866|867|868|869
261,BROOKS,GENTLEMAN,31,96,660|661|662|663|664|665|666|667|668|669|670|671|672|673|674|675|676|677|678|679|680|681|682|683|684|685|686|687|688|689|690|691|692|693|694|695|696|697|698|699|700|701|702|703|704|705|706|707|708|709|710|711|712|713|714|715|716|717|718|719|720|721|722|723|724|725|726|727|728|729|730|731|732|733|734|735|736|737|738|739|740|741|742|743|744|745|746|747|748|749|750|751|752|753|754|755
262,GREGORY,GENTLEMAN,31,100,421|425|431|437|439|456|460|465|466|517|521|527|533|535|552|556|561|562|613|617|623|629|631|648|652|657|658|709|713|719|725|727|744|748|753|754|765|766|776|777|787|788|798|799|800|801|802|803|804|805|806|807|808|809|810|811|812|813|814|815|816|817|818|819|820|821|822|823|824|825|826|827|828|829|830|831|832|833|834|835|850|851|852|853|854|855|856|857|858|859|860|861|862|863|864|865|866|867|868|869
263,REESE,GENTLEMAN,31,90,756|757|758|759|760|761|762|763|764|765|766|767|768|769|770|771|772|773|774|775|776|777|778|779|780|781|782|783|784|785|786|787|788|789|790|791|792|793|794|795|796|797|798|799|836|837|838|839|840|841|842|843|844|845|846|847|848|849|850|851|852|853|854|855|856|857|858|859|860|861|862|863|864|865|866|867|868|869|870|871|872|873|874|875|876|877|878|879|880|881
264,MASON,RUNNING_TRIATHLETE_M,31,96,660|661|662|663|664|665|666|667|668|669|670|671|672|673|674|675|676|677|678|679|680|681|682|683|684|685|686|687|688|689|690|691|692|693|694|695|696|697|698|699|700|701|702|703|704|705|706|707|708|709|710|711|712|713|714|715|716|717|718|719|720|721|722|723|724|725|726|727|728|729|730|731|732|733|734|735|736|737|738|739|740|741|742|743|744|745|746|747|748|749|750|751|752|753|754|755
265,TOBY,RUNNING_TRIATHLETE_M,31,96,564|565|566|567|568|569|570|571|572|573|574|575|576|577|578|579|580|581|582|583|584|585|586|587|588|589|590|591|592|593|594|595|596|597|598|599|600|601|602|603|604|605|606|607|608|609|610|611|612|613|614|615|616|617|618|619|620|621|622|623|624|625|626|627|628|629|630|631|632|633|634|635|636|637|638|639|640|641|642|643|644|645|646|647|648|649|650|651|652|653|654|655|656|657|658|659
266,DOROTHY,RUNNING_TRIATHLETE_F,31,96,468|469|470|471|472|473|474|475|476|477|478|479|480|481|482|483|484|485|486|487|488|489|490|491|492|493|494|495|496|497|498|499|500|501|502|503|504|505|506|507|508|509|510|511|512|513|514|515|516|517|518|519|520|521|522|523|524|525|526|527|528|529|530|531|532|533|534|535|536|537|538|539|540|541|542|543|544|545|546|547|548|549|550|551|552|553|554|555|556|557|558|559|560|561|562|563
267,PIPER,RUNNING_TRIATHLETE_F,31,96,372|373|374|375|376|377|378|379|380|381|382|383|384|385|386|387|388|389|390|391|392|393|394|395|396|397|398|399|400|401|402|403|404|405|406|407|408|409|410|411|412|413|414|415|416|417|418|419|420|421|422|423|424|425|426|427|428|429|430|431|432|433|434|435|436|437|438|439|440|441|442|443|444|445|446|447|448|449|450|451|452|453|454|455|456|457|458|459|460|461|462|463|464|465|466|467
268,FINN,SWIMMING_TRIATHLETE_M,31,80,317|371|373|377|390|392|399|431|452|456|469|475|486|488|495|527|548|552|565|569|573|576|580|582|584|591|592|601|602|610|621|623|626|631|634|640|641|644|648|650|651|653|655|661|665|669|672|676|678|680|687|688|697|698|706|717|719|722|727|730|736|737|740|744|746|747|749|751|808|809|810|811|816|817|818|819|820|821|822|823
269,SAMIR,SWIMMING_TRIATHLETE_M,31,80,317|371|373|377|390|392|399|431|452|456|469|475|486|488|495|527|548|552|565|569|573|576|580|582|584|591|592|601|602|610|621|623|626|631|634|640|641|644|648|650|651|653|655|661|665|669|672|676|678|680|687|688|697|698|706|717|719|722|727|730|736|737|740|744|746|747|749|751|808|809|810|811|816|817|818|819|820|821|822|823
270,FIONA,SWIMMING_TRIATHLETE_F,31,80,317|371|373|377|381|384|388|390|392|399|400|409|410|418|429|431|434|439|442|448|449|452|456|458|459|461|463|469|471|475|479|483|486|488|495|496|505|506|514|525|527|530|535|538|544|545|548|552|554|555|557|559|565|569|582|584|591|623|644|648|661|665|678|680|687|719|740|744|808|809|810|811|816|817|818|819|820|821|822|823
271,GLORIA,SWIMMING_TRIATHLETE_F,31,80,317|371|373|377|381|384|388|390|392|399|400|409|410|418|429|431|434|439|442|448|449|452|456|458|459|461|463|469|471|475|479|483|486|488|495|496|505|506|514|525|527|530|535|538|544|545|548|552|554|555|557|559|565|569|582|584|591|623|644|648|661|665|678|680|687|719|740|744|808|809|810|811|816|817|818|819|820|821|822|823
272,NICO,CYCLING_TRIATHLETE_M,31,96,660|661|662|663|664|665|666|667|668|669|670|671|672|673|674|675|676|677|678|679|680|681|682|683|684|685|686|687|688|689|690|691|692|693|694|695|696|697|698|699|700|701|702|703|704|705|706|707|708|709|710|711|712|713|714|715|716|717|718|719|720|721|722|723|724|725|726|727|728|729|730|731|732|733|734|735|736|737|738|739|740|741|742|743|744|745|746|747|748|749|750|751|752|753|754|755
273,JEREMY,CYCLING_TRIATHLETE_M,31,96,564|565|566|567|568|569|570|571|572|573|574|575|576|577|578|579|580|581|582|583|584|585|586|587|588|589|590|591|592|593|594|595|596|597|598|599|600|601|602|603|604|605|606|607|608|609|610|611|612|613|614|615|616|617|618|619|620|621|622|623|624|625|626|627|628|629|630|631|632|633|634|635|636|637|638|639|640|641|642|643|644|645|646|647|648|649|650|651|652|653|654|655|656|657|658|659
274,CAITLIN,CYCLING_TRIATHLETE_F,31,96,468|469|470|471|472|473|474|475|476|477|478|479|480|481|482|483|484|485|486|487|488|489|490|491|492|493|494|495|496|497|498|499|500|501|502|503|504|505|506|507|508|509|510|511|512|513|514|515|516|517|518|519|520|521|522|523|524|525|526|527|528|529|530|531|532|533|534|535|536|537|538|539|540|541|542|543|544|545|546|547|548|549|550|551|552|553|554|555|556|557|558|559|560|561|562|563
275,REENA,CYCLING_TRIATHLETE_F,31,96,372|373|374|375|376|377|378|379|380|381|382|383|384|385|386|387|388|389|390|391|392|393|394|395|396|397|398|399|400|401|402|403|404|405|406|407|408|409|410|411|412|413|414|415|416|417|418|419|420|421|422|423|424|425|426|427|428|429|430|431|432|433|434|435|436|437|438|439|440|441|442|443|444|445|446|447|448|449|450|451|452|453|454|455|456|457|458|459|460|461|462|463|464|465|466|467
276,AVERY,BUG_MANIAC,31,28,21|238|282|303|331|343|368|369|383|417|423|424|432|481|513|519|520|528|575|609|615|616|624|671|705|711|712|720
277,LIAM,BUG_MANIAC,31,28,21|238|282|303|331|343|368|369|383|417|423|424|432|481|513|519|520|528|575|609|615|616|624|671|705|711|712|720
278,THEO,FISHERMAN,31,34,333|347|350|354|358|361|362|363|364|371|381|384|429|434|439|479|483|525|530|535|573|576|621|626|631|669|672|717|722|727|816|817|818|819
279,BAILEY,FISHERMAN,31,34,333|347|350|354|358|361|362|363|364|371|381|384|429|434|439|479|483|525|530|535|573|576|621|626|631|669|672|717|722|727|816|817|818|819
280,HUGO,RUIN_MANIAC,31,70,383|386|402|403|416|417|423|432|433|435|450|466|481|482|498|499|512|513|519|528|529|531|546|562|575|578|594|595|608|609|615|624|625|627|642|658|671|674|690|691|704|705|711|720|721|723|738|754|762|763|764|773|774|775|784|785|786|795|796|797|832|833|834|835|836|837|838|839|840|841
281,BRYCE,RUIN_MANIAC,31,70,383|386|402|403|416|417|423|432|433|435|450|466|481|482|498|499|512|513|519|528|529|531|546|562|575|578|594|595|608|609|615|624|625|627|642|658|671|674|690|691|704|705|711|720|721|723|738|754|762|763|764|773|774|775|784|785|786|795|796|797|832|833|834|835|836|837|838|839|840|841
282,GIDEON,COLLECTOR,31,36,441|445|448|449|451|453|454|455|458|537|541|544|545|547|549|550|551|554|633|637|640|641|643|645|646|647|650|729|733|736|737|739|741|742|743|746
283,TRISTON,COLLECTOR,31,36,441|445|448|449|451|453|454|455|458|537|541|544|545|547|549|550|551|554|633|637|640|641|643|645|646|647|650|729|733|736|737|739|741|742|743|746
284,CHARLES,GUITARIST,31,59,352|381|391|393|396|398|407|422|426|443|447|479|487|489|492|494|503|518|522|539|543|573|583|585|588|590|599|614|618|635|639|669|679|681|684|686|695|710|714|731|735|756|757|758|767|768|769|778|779|780|789|790|791|870|871|872|873|874|875
285,RAYMOND,GUITARIST,31,35,374|376|381|404|407|422|439|443|459|472|500|506|507|518|532|546|566|585|588|628|635|679|681|684|710|731|785|795|796|797|817|842|843|846|847
286,DIRK,BIRD_KEEPER,31,61,355|375|379|385|386|412|435|440|454|457|459|465|473|477|482|484|508|531|536|550|553|555|561|567|571|577|578|604|627|632|646|649|651|657|663|667|673|674|700|723|728|742|745|747|753|756|757|758|767|768|769|778|779|780|789|790|791|828|829|830|831
287,HAROLD,BIRD_KEEPER,31,61,355|375|379|385|386|412|435|440|454|457|459|465|473|477|482|484|508|531|536|550|553|555|561|567|571|577|578|604|627|632|646|649|651|657|663|667|673|674|700|723|728|742|745|747|753|756|757|758|767|768|769|778|779|780|789|790|791|828|829|830|831
288,OMAR,SAILOR,31,80,373|388|390|392|400|409|410|418|431|442|448|449|452|456|458|459|461|463|469|471|486|488|496|505|506|514|527|538|544|545|548|552|554|555|557|559|565|580|582|584|592|601|602|610|623|634|640|641|644|648|650|651|653|655|661|676|678|680|688|697|698|706|719|730|736|737|740|744|746|747|749|751|808|809|810|811|820|821|822|823
289,PETER,SAILOR,31,80,373|388|390|392|400|409|410|418|431|442|448|449|452|456|458|459|461|463|469|471|486|488|496|505|506|514|527|538|544|545|548|552|554|555|557|559|565|580|582|584|592|601|602|610|623|634|640|641|644|648|650|651|653|655|661|676|678|680|688|697|698|706|719|730|736|737|740|744|746|747|749|751|808|809|810|811|820|821|822|823
290,DEV,HIKER,31,78,372|387|402|403|413|414|416|417|427|428|432|433|435|440|450|466|468|470|498|499|509|510|512|513|523|524|528|529|531|536|546|562|564|579|594|595|605|606|608|609|619|620|624|625|627|632|642|658|660|675|690|691|701|702|704|705|715|716|720|721|723|728|738|754|832|833|834|835|860|861|862|863|864|865|866|867|868|869
291,COREY,HIKER,31,78,372|387|402|403|413|414|416|417|427|428|432|433|435|440|450|466|468|470|498|499|509|510|512|513|523|524|528|529|531|536|546|562|564|579|594|595|605|606|608|609|619|620|624|625|627|632|642|658|660|675|690|691|701|702|704|705|715|716|720|721|723|728|738|754|832|833|834|835|860|861|862|863|864|865|866|867|868|869
292,ANDRE,KINDLER,31,62,374|378|415|419|421|426|430|444|451|454|455|464|472|476|511|515|517|522|526|540|547|550|551|560|566|570|607|611|613|618|622|636|643|646|647|656|662|666|703|707|709|714|718|732|739|742|743|752|800|801|802|803|850|851|852|853|854|855|856|857|858|859
293,FERRIS,KINDLER,31,62,374|378|415|419|421|426|430|444|451|454|455|464|472|476|511|515|517|522|526|540|547|550|551|560|566|570|607|611|613|618|622|636|643|646|647|656|662|666|703|707|709|714|718|732|739|742|743|752|800|801|802|803|850|851|852|853|854|855|856|857|858|859
294,ALIVIA,PARASOL_LADY,31,35,399|400|409|422|438|441|445|448|449|451|452|454|455|489|492|493|503|526|532|535|536|560|573|583|590|592|608|611|620|651|682|688|714|729|732
295,PAIGE,PARASOL_LADY,31,35,399|400|409|422|438|441|445|448|449|451|452|454|455|489|492|493|503|526|532|535|536|560|573|583|590|592|608|611|620|651|682|688|714|729|732
296,ANYA,BEAUTY,31,20,442|443|444|446|447|538|539|540|542|543|634|635|636|638|639|730|731|732|734|735
297,DAWN,BEAUTY,31,39,377|381|410|421|422|443|456|460|461|471|472|473|484|491|502|503|507|508|515|520|540|549|569|574|583|586|601|622|624|639|644|655|734|804|810|815|823|831|843
298,ABBY,AROMA_LADY,31,95,185|290|313|334|348|359|360|377|380|382|385|394|395|398|400|401|404|409|410|416|437|438|439|441|445|446|453|475|478|480|484|490|491|494|496|497|500|505|506|512|533|534|535|537|541|542|549|569|572|574|577|586|587|590|592|593|596|601|602|608|629|630|631|633|637|638|645|665|668|670|673|682|683|686|688|689|692|697|698|704|725|726|727|729|733|734|741|812|813|814|815|816|817|818|819
299,GRETEL,AROMA_LADY,31,95,185|290|313|334|348|359|360|377|380|382|385|394|395|398|400|401|404|409|410|416|437|438|439|441|445|446|453|475|478|480|484|490|491|494|496|497|500|505|506|512|533|534|535|537|541|542|549|569|572|574|577|586|587|590|592|593|596|601|602|608|629|630|631|633|637|638|645|665|668|670|673|682|683|686|688|689|692|697|698|704|725|726|727|729|733|734|741|812|813|814|815|816|817|818|819
